image_id,angle,speed
0,0.5245188474655151,0.6503500938415527
1,0.8016060590744019,0.9999055862426758
2,0.7381609082221985,0.9948080778121948
3,0.37700721621513367,0.12187905609607697
4,0.05356106162071228,1.0
5,0.2609696388244629,0.00018366894801147282
6,0.5318548679351807,9.171649821837491e-07
7,0.5253725051879883,0.34475943446159363
8,0.48231080174446106,0.3686922490596771
9,0.7735815048217773,0.9890198111534119
10,0.5155819654464722,0.9291805028915405
11,0.5599188804626465,0.9896447658538818
12,0.7288699746131897,0.11759915947914124
13,0.4180859327316284,0.00014855775225441903
14,0.40365853905677795,0.7588647603988647
15,0.7610923647880554,0.999903678894043
16,0.6309381723403931,0.9987486600875854
17,0.5007668733596802,0.001816205563955009
18,0.446953147649765,0.992135763168335
19,0.5643683075904846,0.2396196871995926
20,0.3244383633136749,0.2010422646999359
21,0.6539009809494019,0.9994816780090332
22,0.4833798110485077,0.3177267014980316
23,0.6532531976699829,0.7168514728546143
24,0.8249300122261047,0.02864072471857071
25,0.6826007962226868,0.75925213098526
26,0.5368072390556335,0.9932790398597717
27,0.2101210355758667,1.0
28,0.42642834782600403,0.0012556023430079222
29,0.47444096207618713,0.00010567354183876887
30,0.5041936635971069,0.9935176968574524
31,0.6061541438102722,0.30608487129211426
32,0.4492155611515045,0.4055841565132141
33,0.5043289661407471,0.00021472654771059752
34,0.8543240427970886,8.109228133434954e-07
35,0.638251006603241,1.6411992191933678e-06
36,0.48768869042396545,0.9490708708763123
37,0.7488182783126831,0.9646404385566711
38,0.5477733612060547,0.12710803747177124
39,0.39441487193107605,7.783139153616503e-05
40,0.49290814995765686,0.8845114707946777
41,0.3798949718475342,0.0029909242875874043
42,0.9127057194709778,0.9999872446060181
43,0.2772332429885864,0.2704516053199768
44,0.9401577115058899,0.03525492548942566
45,0.7908570766448975,0.9993260502815247
46,0.1638813316822052,0.9995488524436951
47,0.41141802072525024,0.9376919269561768
48,0.6350995302200317,0.9980210065841675
49,0.5648578405380249,0.9998680353164673
50,0.5834885835647583,0.9970393776893616
51,0.5887563824653625,0.20776581764221191
52,0.8353976607322693,0.995629608631134
53,0.49368464946746826,0.00018473961972631514
54,0.44391170144081116,0.9999946355819702
55,0.48091235756874084,0.12849178910255432
56,0.40991488099098206,0.9932481050491333
57,0.4788331985473633,1.0
58,0.5120378136634827,5.982142829452641e-05
59,0.09749078750610352,0.9999947547912598
60,0.8421030640602112,0.6258487105369568
61,0.3537033796310425,3.9892495231654e-13
62,0.5005072951316833,2.1040320064003026e-07
63,0.8379033803939819,1.0
64,0.7756131291389465,0.967825174331665
65,0.5447032451629639,2.2282961253949907e-07
66,0.4967805743217468,0.0014412488089874387
67,0.6446791887283325,0.9997119307518005
68,0.44367194175720215,4.5016965155575406e-10
69,0.4728226065635681,0.9993340373039246
70,0.2530180513858795,0.9999547004699707
71,0.40424644947052,0.1940467357635498
72,0.6500089764595032,1.0
73,0.33441394567489624,7.277521264956145e-16
74,0.17581823468208313,0.999215841293335
75,0.9817312955856323,1.8408318226749453e-16
76,0.9062901735305786,1.0
77,0.7501732110977173,0.5974593758583069
78,0.7683035731315613,0.9999996423721313
79,0.5557172298431396,0.9999700784683228
80,0.4282868206501007,0.9385553598403931
81,0.01167640183120966,0.9999277591705322
82,0.8395260572433472,0.002710032043978572
83,0.7613238096237183,5.019699391393961e-13
84,0.4844391345977783,0.0029673397075384855
85,0.5743247866630554,0.04025765880942345
86,0.5804538130760193,5.837891308146936e-07
87,0.08645521104335785,0.9997656941413879
88,0.48496901988983154,0.9994215369224548
89,0.5125845074653625,0.8509581089019775
90,0.556018054485321,0.9594041109085083
91,0.2710643410682678,0.9977148771286011
92,0.5580232739448547,0.9955957531929016
93,0.4594690799713135,0.9999324083328247
94,0.5352286696434021,0.7872573733329773
95,0.41985177993774414,0.09378956258296967
96,0.7565809488296509,0.9574010372161865
97,0.6626721024513245,0.9998670816421509
98,0.512732982635498,0.8787633180618286
99,0.5426298379898071,0.773825466632843
100,0.5166808366775513,0.03897657245397568
101,0.33209428191185,0.2990005910396576
102,0.7769914269447327,0.0743563324213028
103,0.781049370765686,0.8936633467674255
104,0.544420063495636,0.9432377815246582
105,0.5091428160667419,0.019767601042985916
106,0.14644820988178253,0.990305483341217
107,0.42190074920654297,0.9995312094688416
108,0.6259036660194397,0.5499863624572754
109,0.7777143716812134,0.9985047578811646
110,0.8871495127677917,0.9623256325721741
111,0.7033061385154724,0.9998401403427124
112,0.35263243317604065,0.9999967813491821
113,0.4454602301120758,0.9999908208847046
114,0.26441293954849243,0.3249339461326599
115,0.42283007502555847,0.9985893368721008
116,0.7830361127853394,0.993727445602417
117,0.5070527195930481,0.010944618843495846
118,0.31814655661582947,0.010105366818606853
119,0.010970328003168106,1.1394742614356801e-05
120,0.5476565361022949,0.02813400700688362
121,0.5311764478683472,0.02026793733239174
122,0.5568893551826477,0.9993374943733215
123,0.9166903495788574,1.3254562873044051e-05
124,0.5354963541030884,0.01616966538131237
125,0.8054425716400146,0.9970309734344482
126,0.5991561412811279,0.2962578237056732
127,0.7110773324966431,0.9936051368713379
128,0.20832592248916626,0.7803775072097778
129,0.21770420670509338,0.35194724798202515
130,0.6204140186309814,0.9955931305885315
131,0.5031590461730957,0.8620206117630005
132,0.6342601180076599,0.9999257326126099
133,0.4687364101409912,0.0021516175474971533
134,0.5332382917404175,0.9978368878364563
135,0.49267998337745667,0.10898301005363464
136,0.634506344795227,0.9723296761512756
137,0.30119627714157104,1.0
138,0.22220149636268616,0.0019051895942538977
139,0.4947231113910675,0.9526269435882568
140,0.07492663711309433,0.9999701976776123
141,0.14630308747291565,0.9564746618270874
142,0.5508941411972046,0.7132251262664795
143,0.5296432971954346,0.9993473887443542
144,0.45062491297721863,0.645371675491333
145,0.5423136353492737,0.9864433407783508
146,0.7892252206802368,0.9994495511054993
147,0.7339360117912292,0.998647153377533
148,0.5037840008735657,0.9993933439254761
149,0.5986193418502808,0.999946117401123
150,0.6647059917449951,0.34029170870780945
151,0.6969782114028931,0.9954357743263245
152,0.5479297041893005,0.9087772965431213
153,0.3980705738067627,0.8453619480133057
154,0.47094789147377014,0.6419088244438171
155,0.6107344627380371,0.006870428565889597
156,0.8887305855751038,0.013584163039922714
157,0.6444850564002991,0.004928124137222767
158,0.5376564264297485,0.9319283962249756
159,0.10706572234630585,0.9999419450759888
160,0.8150909543037415,0.9837834239006042
161,0.5282177329063416,0.8690376877784729
162,0.8150611519813538,0.7109724283218384
163,0.7754101753234863,0.00020057761867064983
164,0.7421651482582092,0.9999805688858032
165,0.5381263494491577,0.9682143330574036
166,0.478548139333725,1.758111648086924e-05
167,0.6510729789733887,0.7334902286529541
168,0.4383622109889984,0.002567674033343792
169,0.5436689257621765,0.907418429851532
170,0.4838402271270752,0.6950744986534119
171,0.5377739667892456,0.99741530418396
172,0.5431334972381592,0.9947851896286011
173,0.8469985723495483,0.9999560117721558
174,0.5252230763435364,0.7762148380279541
175,0.9104070663452148,0.9999997615814209
176,0.3616095781326294,0.9975281357765198
177,0.769800066947937,0.9578575491905212
178,0.45533716678619385,0.9999935626983643
179,0.5122404098510742,0.7505044937133789
180,0.3904595375061035,3.5339837642907604e-20
181,0.8147875666618347,0.29002875089645386
182,0.4709027111530304,0.9996030330657959
183,0.5247182846069336,0.2159755527973175
184,0.4356389343738556,0.0006496335263364017
185,0.09399070590734482,0.9999998807907104
186,0.5320535898208618,0.9187197089195251
187,0.49209433794021606,0.00011421818635426462
188,0.5319875478744507,0.5572803020477295
189,0.7802234292030334,0.950785756111145
190,0.5148952603340149,0.9785100221633911
191,0.37701690196990967,0.9455592036247253
192,0.7803870439529419,0.9995143413543701
193,0.4508323073387146,1.314584915235173e-05
194,0.5175812840461731,0.970276415348053
195,0.47368231415748596,0.041005946695804596
196,0.6529507040977478,0.9993271231651306
197,0.48514145612716675,0.001536633470095694
198,0.38722944259643555,0.0851755142211914
199,0.5005391240119934,0.1810707151889801
200,0.817823588848114,0.9041211009025574
201,0.5259566307067871,0.9928626418113708
202,0.7118967175483704,0.09437880665063858
203,0.8622012734413147,0.000917267519980669
204,0.6431390643119812,1.0637959348969162e-06
205,0.46939459443092346,0.7957472205162048
206,0.4665971100330353,0.9577638506889343
207,0.44529592990875244,0.9887638092041016
208,0.8163639307022095,0.02652852050960064
209,0.6138700842857361,0.9962822198867798
210,0.6765488386154175,0.9847773313522339
211,0.6680974960327148,1.0
212,0.5029363036155701,0.9797263145446777
213,0.05836455896496773,0.9999996423721313
214,0.5905691981315613,0.8179258108139038
215,0.9831217527389526,1.3544064767530143e-16
216,0.7785506844520569,0.7553102374076843
217,0.6070841550827026,0.8717803359031677
218,0.6295616626739502,1.0
219,0.3071759045124054,0.9176437258720398
220,0.5892632007598877,0.9476925730705261
221,0.7511662244796753,0.9871450662612915
222,0.1255401372909546,0.6701873540878296
223,0.4740355908870697,0.9986757636070251
224,0.705694854259491,0.996665894985199
225,0.5425807237625122,1.269903236789105e-06
226,0.5779469609260559,0.9614909291267395
227,0.38368016481399536,0.8287831544876099
228,0.48968935012817383,0.014349717646837234
229,0.541945219039917,0.9859028458595276
230,0.3628785312175751,0.9558243751525879
231,0.8255918025970459,1.0
232,0.6246777772903442,0.3060663342475891
233,0.29445093870162964,0.9632048606872559
234,0.6254968047142029,0.9997926950454712
235,0.5903486013412476,0.3185628652572632
236,0.5115342140197754,0.9599629044532776
237,0.09508798271417618,0.999862551689148
238,0.16799451410770416,0.6123598217964172
239,0.7425146102905273,0.7004156708717346
240,0.5099709630012512,0.9994089603424072
241,0.6809086203575134,0.03078346699476242
242,0.4976337254047394,0.900779664516449
243,0.4820251166820526,0.9877220392227173
244,0.7933724522590637,1.996013814301034e-12
245,0.8064128160476685,0.9965684413909912
246,0.5570616722106934,0.05310886353254318
247,0.153376504778862,0.9999998807907104
248,0.7173554301261902,0.9793796539306641
249,0.47959810495376587,0.9999947547912598
250,0.4732532203197479,0.0021217181347310543
251,0.7290985584259033,0.9956883788108826
252,0.3954339623451233,0.9967639446258545
253,0.8220577836036682,0.9999146461486816
254,0.5134729743003845,0.9702610373497009
255,0.41650107502937317,0.9622247219085693
256,0.4954164922237396,0.6434040665626526
257,0.5412927269935608,4.192460600904724e-09
258,0.8385676145553589,0.9959491491317749
259,0.5737253427505493,0.0010090239811688662
260,0.442265123128891,0.993320882320404
261,0.5721104741096497,2.6116393314623565e-07
262,0.5676862597465515,0.8383723497390747
263,0.5110781788825989,0.9599853157997131
264,0.5583809018135071,0.10581392794847488
265,0.6639651656150818,1.0
266,0.1337185502052307,0.999993085861206
267,0.8067063093185425,0.9971387386322021
268,0.7492887377738953,0.9969255328178406
269,0.5504065155982971,0.646636962890625
270,0.7660442590713501,0.005465660244226456
271,0.5066614151000977,0.034079410135746
272,0.7943375706672668,4.471829015528783e-05
273,0.7969520688056946,0.9555351734161377
274,0.5238343477249146,0.9999451637268066
275,0.639721155166626,0.9999675750732422
276,0.5246616005897522,0.936847448348999
277,0.5181987881660461,0.00013440655311569571
278,0.4556769132614136,0.9999434947967529
279,0.2470289170742035,0.98099285364151
280,0.763081967830658,0.0005768915289081633
281,0.769702136516571,0.997747004032135
282,0.283024400472641,0.00025025568902492523
283,0.501882016658783,0.11467138677835464
284,0.126235231757164,0.9999778270721436
285,0.6824744343757629,0.5459697842597961
286,0.5664036273956299,1.0
287,0.8052746057510376,0.018375558778643608
288,0.21877191960811615,0.9925952553749084
289,0.7254924774169922,0.9808918833732605
290,0.8463428020477295,0.9999260902404785
291,0.798760175704956,0.9932441115379333
292,0.3741387724876404,0.8980069756507874
293,0.3870071470737457,0.9997413754463196
294,0.7373393177986145,0.9888350367546082
295,0.8060599565505981,0.9947009682655334
296,0.6561569571495056,1.0
297,0.32702624797821045,0.006417035590857267
298,0.8138307929039001,0.9981172680854797
299,0.8279488682746887,0.015585147775709629
300,0.765963613986969,0.6570076942443848
301,0.7459672093391418,0.329889714717865
302,0.41614091396331787,1.4409371033252683e-05
303,0.4947889447212219,0.9925931692123413
304,0.47691574692726135,0.1992383748292923
305,0.4077926576137543,0.9999992847442627
306,0.5450746417045593,0.9336458444595337
307,0.4481291174888611,0.9993258118629456
308,0.6092754006385803,0.9940276145935059
309,0.5360880494117737,0.0013724392047151923
310,0.5024785995483398,0.0025748771149665117
311,0.7308956980705261,1.0
312,0.7261413931846619,0.9965313673019409
313,0.17674383521080017,0.9999996423721313
314,0.3896789848804474,0.9999328851699829
315,0.8006116151809692,0.9999864101409912
316,0.32514241337776184,0.16717232763767242
317,0.7929344773292542,0.9173910021781921
318,0.7989028692245483,1.0
319,0.5302626490592957,0.9651545286178589
320,0.5134152173995972,0.8738699555397034
321,0.6482033133506775,1.0
322,0.5410450100898743,0.9662227630615234
323,0.6311734318733215,0.9999990463256836
324,0.6742273569107056,0.04523920640349388
325,0.5025607347488403,0.016957705840468407
326,0.5355322957038879,0.9412032961845398
327,0.5521031022071838,0.08788928389549255
328,0.7376665472984314,0.9992148876190186
329,0.47298604249954224,4.650436676456593e-05
330,0.865015983581543,0.9985853433609009
331,0.5198109149932861,0.004619840532541275
332,0.4992823302745819,0.8021536469459534
333,0.7836065292358398,0.06318648159503937
334,0.5421527624130249,0.9999840259552002
335,0.03073374181985855,0.9999958276748657
336,0.8214879035949707,0.9967856407165527
337,0.5660693049430847,0.9951281547546387
338,0.6310536861419678,0.9866048693656921
339,0.45572730898857117,0.9558538794517517
340,0.12819139659404755,0.9858136773109436
341,0.5155968070030212,0.8405137658119202
342,0.46920186281204224,0.9936541318893433
343,0.5733039975166321,0.9948816895484924
344,0.8309689164161682,0.15706071257591248
345,0.737290620803833,0.9833474159240723
346,0.4613865315914154,0.9999994039535522
347,0.5159131288528442,0.07800520956516266
348,0.2131335586309433,0.9778392314910889
349,0.4393058121204376,0.9993810653686523
350,0.8142823576927185,0.013314480893313885
351,0.6501957774162292,0.9965948462486267
352,0.7704586982727051,0.9989961981773376
353,0.1047305315732956,7.987254502950236e-05
354,0.4590231776237488,0.00012425711611285806
355,0.5975285768508911,1.0
356,0.6831946969032288,0.557125449180603
357,0.6509978771209717,5.815681106469128e-06
358,0.683251678943634,0.9978348612785339
359,0.32469597458839417,0.9680119752883911
360,0.5216988921165466,0.9962565898895264
361,0.7772176265716553,0.00237272004596889
362,0.16540011763572693,0.9911279082298279
363,0.521428108215332,0.031178586184978485
364,0.6814444065093994,0.8388606309890747
365,0.6077505350112915,0.9997771978378296
366,0.15925107896327972,0.9999284744262695
367,0.4899062514305115,0.05289476737380028
368,0.47414717078208923,0.13819991052150726
369,0.42380473017692566,0.3592192232608795
370,0.5567662715911865,0.9951476454734802
371,0.5606351494789124,0.9997835159301758
372,0.6661689281463623,1.0216156454134762e-07
373,0.5569952130317688,0.031628433614969254
374,0.5209195613861084,0.9921730756759644
375,0.4685467481613159,0.9993482232093811
376,0.6967739462852478,0.9827743768692017
377,0.6137655973434448,9.529152885079384e-05
378,0.5292720794677734,1.084266500583908e-06
379,0.45623666048049927,0.7840576171875
380,0.5874659419059753,0.2433958798646927
381,0.5289984345436096,0.4731796979904175
382,0.5666998624801636,0.32179856300354004
383,0.5547712445259094,4.40116309619043e-06
384,0.8207999467849731,0.9984409213066101
385,0.5300215482711792,0.6651380658149719
386,0.7515823841094971,0.9543802738189697
387,0.15877585113048553,0.9999914169311523
388,0.5242567658424377,0.6885902881622314
389,0.487262099981308,0.7538794279098511
390,0.7755011916160583,0.9991032481193542
391,0.7206737399101257,0.9998182058334351
392,0.7741493582725525,6.618834049731959e-06
393,0.45152711868286133,0.9930054545402527
394,0.7686278820037842,0.00023442086239811033
395,0.715131938457489,0.00015698536299169064
396,0.5024646520614624,0.008930911310017109
397,0.15035316348075867,0.9899314641952515
398,0.5302110314369202,0.9884766340255737
399,0.8192422389984131,0.9999831914901733
400,0.5329251289367676,0.9927942156791687
401,0.5465109348297119,0.7817403078079224
402,0.4760062098503113,0.0029683075845241547
403,0.5084092617034912,1.1500117302887247e-08
404,0.5426548719406128,0.9873999953269958
405,0.5548383593559265,2.727986835992374e-13
406,0.47365596890449524,0.00942651554942131
407,0.425290048122406,0.9997974634170532
408,0.7292889356613159,0.9400562644004822
409,0.441178560256958,0.00196343706920743
410,0.4717589318752289,0.0007989945006556809
411,0.7878429293632507,0.977169930934906
412,0.12203003466129303,0.9999978542327881
413,0.25988101959228516,0.9997742176055908
414,0.5437270998954773,0.12079231441020966
415,0.7046264410018921,0.9970508813858032
416,0.8209438920021057,0.0275044497102499
417,0.4873974919319153,0.6993623971939087
418,0.6357514262199402,0.5858281850814819
419,0.5349970459938049,0.00014689391537103802
420,0.9115518927574158,0.0010462014470249414
421,0.7693116664886475,0.943464457988739
422,0.6008426547050476,0.9404025673866272
423,0.565698504447937,0.9999923706054688
424,0.4475521147251129,5.225510449236026e-06
425,0.5119065046310425,0.27819928526878357
426,0.2089192271232605,0.9977082014083862
427,0.4958922266960144,0.9747793674468994
428,0.6058256030082703,0.9775247573852539
429,0.6462283134460449,1.2876643040726776e-06
430,0.8296365737915039,1.755153243720997e-05
431,0.6643862128257751,0.003175902646034956
432,0.8465049862861633,0.9998316764831543
433,0.46688973903656006,0.9991173148155212
434,0.4632550776004791,6.006179319228977e-05
435,0.5926083326339722,0.9588664174079895
436,0.75225830078125,0.9797813892364502
437,0.7111440896987915,0.9997239708900452
438,0.4667733609676361,0.9625653624534607
439,0.4011010527610779,1.1606172498220511e-16
440,0.3685809075832367,3.067643307661491e-17
441,0.4379156231880188,0.9026049375534058
442,0.19202420115470886,0.9999998807907104
443,0.725798487663269,0.9999494552612305
444,0.3997894525527954,0.9887240529060364
445,0.7365973591804504,0.16954022645950317
446,0.8800959587097168,0.999584972858429
447,0.03114471398293972,0.9999973773956299
448,0.7791306376457214,0.9838234782218933
449,0.6590719223022461,0.038771118968725204
450,0.757296621799469,0.9914105534553528
451,0.527492880821228,0.9592044353485107
452,0.6296939849853516,0.31726327538490295
453,0.6934192180633545,0.9939823746681213
454,0.5488150119781494,5.111194809614972e-07
455,0.4966244697570801,0.22931374609470367
456,0.33661165833473206,0.9463684558868408
457,0.5803037881851196,0.002510400488972664
458,0.15647326409816742,0.999931812286377
459,0.5461836457252502,0.015067488886415958
460,0.7884960174560547,9.765029972186312e-05
461,0.5382757186889648,0.9037917256355286
462,0.5305817127227783,0.44051626324653625
463,0.6852869987487793,0.9975970387458801
464,0.3835957944393158,0.977009654045105
465,0.4800434708595276,0.006490600295364857
466,0.09335009008646011,0.9999995231628418
467,0.12159762531518936,0.9998143911361694
468,0.8422967791557312,0.9999896287918091
469,0.6137512922286987,1.0
470,0.49100834131240845,0.007393671199679375
471,0.39981213212013245,0.9913731813430786
472,0.5154968500137329,0.9935253858566284
473,0.48066866397857666,3.8343858932421426e-07
474,0.7836800217628479,1.0
475,0.5392658710479736,0.41221967339515686
476,0.6620964407920837,0.997610330581665
477,0.4433397650718689,0.987467885017395
478,0.6258500218391418,0.9938920140266418
479,0.5023146271705627,7.444982537364517e-14
480,0.5156294703483582,0.0067154779098927975
481,0.2846187353134155,0.0013438597088679671
482,0.7574249505996704,0.003245275467634201
483,0.4514257311820984,0.9581351280212402
484,0.8203263878822327,0.9957654476165771
485,0.4548758864402771,0.999936580657959
486,0.7194832563400269,0.9392828941345215
487,0.017705943435430527,7.610528207635525e-09
488,0.6272110939025879,0.39481234550476074
489,0.4594675302505493,0.2883053421974182
490,0.8588237166404724,0.00021851064229849726
491,0.6850447654724121,0.6558685898780823
492,0.8218283653259277,0.8904237151145935
493,0.6093458533287048,0.5880463123321533
494,0.5593199133872986,0.9994748830795288
495,0.6011438369750977,1.0
496,0.39980894327163696,0.6341983675956726
497,0.591951310634613,0.5100361704826355
498,0.5433328151702881,0.963346540927887
499,0.748365044593811,0.9404630661010742
500,0.8262823820114136,0.6504149436950684
501,0.5221090316772461,0.05980900302529335
502,0.18221066892147064,0.9999996423721313
503,0.49658259749412537,0.9672321677207947
504,0.7418651580810547,0.9883812069892883
505,0.5738246440887451,0.9997807741165161
506,0.8474968075752258,1.0
507,0.5233733654022217,0.26611843705177307
508,0.5170493125915527,1.2168282410129905e-05
509,0.5935289263725281,0.9951059818267822
510,0.5265063643455505,0.06631723046302795
511,0.4728314280509949,4.148572315898491e-06
512,0.811374843120575,0.0009504614863544703
513,0.7866513729095459,0.9719448089599609
514,0.8152807354927063,0.02493499591946602
515,0.3570000231266022,7.563946316338023e-20
516,0.5226494073867798,0.021984422579407692
517,0.21242372691631317,0.9998834133148193
518,0.7832493185997009,0.006662840489298105
519,0.4415164887905121,0.6595097780227661
520,0.7896264791488647,0.002377669094130397
521,0.7255040407180786,0.08036784082651138
522,0.5685677528381348,0.9368637800216675
523,0.665743887424469,0.9997150301933289
524,0.4555404484272003,0.5832889676094055
525,0.7777068018913269,0.9958826899528503
526,0.5001280903816223,9.175969898933545e-05
527,0.516471803188324,0.9565747976303101
528,0.5508660674095154,0.5741689205169678
529,0.376980721950531,0.9651505351066589
530,0.5654937624931335,0.9999998807907104
531,0.36907631158828735,0.4344456195831299
532,0.555503785610199,0.9529979825019836
533,0.5166052579879761,0.9522339701652527
534,0.5168372988700867,0.006445647217333317
535,0.5147149562835693,0.01090062502771616
536,0.5378288626670837,0.9581271409988403
537,0.5217450857162476,0.39282047748565674
538,0.44689419865608215,8.434382834821008e-06
539,0.5308973789215088,0.06544314324855804
540,0.8306302428245544,0.9899280071258545
541,0.6113513112068176,0.9999990463256836
542,0.5227355360984802,0.9975922703742981
543,0.7358524799346924,0.19794997572898865
544,0.45141416788101196,0.8463680744171143
545,0.3918320834636688,3.674174513434991e-05
546,0.5926277041435242,0.9949233531951904
547,0.6594709157943726,0.7339272499084473
548,0.8034161925315857,0.9999387264251709
549,0.4989188611507416,0.8853738903999329
550,0.3766498267650604,1.0
551,0.1746302992105484,0.9981441497802734
552,0.537192165851593,1.1584009371290449e-05
553,0.3561743199825287,0.9997301697731018
554,0.12384103238582611,0.9999837875366211
555,0.7988070249557495,0.0012151823611930013
556,0.49993371963500977,0.0010702952276915312
557,0.8982673287391663,1.0
558,0.4190314710140228,6.444594857768493e-10
559,0.5569432377815247,0.582103967666626
560,0.7455207109451294,0.9719698429107666
561,0.5366143584251404,0.18444864451885223
562,0.5582854747772217,0.007993831299245358
563,0.282387375831604,9.575488547852729e-06
564,0.8136796355247498,9.56188450800255e-05
565,0.5600536465644836,0.8470236659049988
566,0.8033528327941895,2.0966133888578042e-05
567,0.47064346075057983,0.9729422330856323
568,0.5274529457092285,0.9809635877609253
569,0.45237961411476135,0.14771942794322968
570,0.17152747511863708,0.9143218994140625
571,0.49442222714424133,0.9999063014984131
572,0.44392868876457214,2.9402679047052516e-07
573,0.5345667600631714,0.3021644651889801
574,0.30425888299942017,0.999935507774353
575,0.523075520992279,0.21259763836860657
576,0.7081949710845947,0.8653257489204407
577,0.5651316046714783,0.05086975917220116
578,0.793368399143219,0.9195839166641235
579,0.42464184761047363,0.6191971302032471
580,0.7721026539802551,1.4055794963496737e-06
581,0.2534921169281006,0.9991083741188049
582,0.5367358922958374,0.9199512600898743
583,0.5914467573165894,0.9859455227851868
584,0.8011420965194702,0.05772283300757408
585,0.25211524963378906,0.8627042174339294
586,0.5338711738586426,0.08958544582128525
587,0.7915050387382507,0.9993557333946228
588,0.42092809081077576,0.7682585120201111
589,0.21247313916683197,1.1782398390280946e-09
590,0.5558125376701355,0.013230501674115658
591,0.7433410882949829,0.9711884260177612
592,0.8389157652854919,0.5217165350914001
593,0.8628699779510498,0.999433696269989
594,0.5240351557731628,0.000366339401807636
595,0.544581949710846,0.8248876929283142
596,0.8031496405601501,0.9729063510894775
597,0.5275323987007141,0.4143986105918884
598,0.526434600353241,0.0018819727702066302
599,0.8669702410697937,8.502935816068202e-05
600,0.6684958338737488,0.02146329917013645
601,0.7667007446289062,0.8412761092185974
602,0.7557355165481567,0.9842094779014587
603,0.8241373896598816,0.9999569654464722
604,0.5223432779312134,0.0014182134764268994
605,0.5474669933319092,0.9651669859886169
606,0.5876052379608154,1.0762703084310488e-07
607,0.7238298654556274,0.9972923398017883
608,0.5275473594665527,0.11811427026987076
609,0.7545806169509888,0.9075828194618225
610,0.7269521951675415,0.001313630724325776
611,0.9173837304115295,1.76352610292696e-09
612,0.8022160530090332,0.9732864499092102
613,0.5061768293380737,0.9653842449188232
614,0.1744993031024933,0.9969923496246338
615,0.6897372007369995,0.39098048210144043
616,0.5105490684509277,0.9998751878738403
617,0.6187622547149658,0.929590106010437
618,0.48382142186164856,0.9982037544250488
619,0.14415358006954193,0.9985170960426331
620,0.22970826923847198,0.9386580586433411
621,0.15516629815101624,0.9939804673194885
622,0.4959975481033325,0.27833595871925354
623,0.4128882586956024,0.9898906946182251
624,0.44342005252838135,0.9999992847442627
625,0.5851271152496338,0.6884512901306152
626,0.5467574596405029,0.01454677153378725
627,0.40491825342178345,0.9999992847442627
628,0.5203195810317993,0.07664377242326736
629,0.46407127380371094,0.12997303903102875
630,0.8864359855651855,9.468305510795368e-18
631,0.37486761808395386,3.4275075714081956e-17
632,0.20933176577091217,0.9874288439750671
633,0.7657722234725952,0.03395870327949524
634,0.37249478697776794,0.7962097525596619
635,0.5547230243682861,0.708503782749176
636,0.4736253619194031,0.25646770000457764
637,0.4163982570171356,0.0018141788896173239
638,0.7636863589286804,0.9450157284736633
639,0.5729570984840393,0.019887220114469528
640,0.7584658265113831,0.9978651404380798
641,0.6739237904548645,0.9999372959136963
642,0.757310688495636,0.35372111201286316
643,0.5352620482444763,0.832202672958374
644,0.626414954662323,0.5252922177314758
645,0.7572266459465027,0.9713307619094849
646,0.4781516194343567,0.35003340244293213
647,0.2106369435787201,0.9846365451812744
648,0.3154709041118622,0.015034704469144344
649,0.5172020792961121,0.1786036640405655
650,0.3018088638782501,0.1478743702173233
651,0.3386021554470062,0.9999915361404419
652,0.7775717973709106,0.9952581524848938
653,0.7644271850585938,0.07540740072727203
654,0.5482857823371887,0.0406646803021431
655,0.8050351738929749,0.5825932621955872
656,0.5386474132537842,0.9992428421974182
657,0.5502933263778687,0.9928398132324219
658,0.13327184319496155,0.9996570348739624
659,0.5417701005935669,0.24583794176578522
660,0.5190885663032532,0.05824093148112297
661,0.5485951900482178,0.730915367603302
662,0.7639164924621582,0.01182341668754816
663,0.1497618407011032,0.9997037053108215
664,0.47631964087486267,0.6496430039405823
665,0.5890617370605469,0.9996514320373535
666,0.43910545110702515,0.00030123002943582833
667,0.45157209038734436,6.428754056875263e-11
668,0.7018126845359802,0.9998265504837036
669,0.4862968921661377,0.0023189533967524767
670,0.47582197189331055,6.257057066250127e-06
671,0.7961254119873047,0.821043074131012
672,0.5454421639442444,0.893646776676178
673,0.46138373017311096,0.04840743914246559
674,0.4301536977291107,0.9836388826370239
675,0.6752667427062988,0.9929599165916443
676,0.5145092010498047,0.9683548212051392
677,0.9112812280654907,0.9999986886978149
678,0.480934739112854,0.0006980194593779743
679,0.596178412437439,1.0
680,0.5357173681259155,0.03024112991988659
681,0.5849134922027588,0.9945875406265259
682,0.5506379008293152,0.999002993106842
683,0.13135726749897003,1.0
684,0.5496644973754883,0.3768075108528137
685,0.717750072479248,0.023597342893481255
686,0.665785014629364,0.999498724937439
687,0.536750078201294,0.879157543182373
688,0.7950488328933716,0.9999985694885254
689,0.7759184241294861,0.9536868333816528
690,0.8029986619949341,9.524434713137353e-11
691,0.5037373304367065,0.9999498128890991
692,0.501940906047821,0.9975830316543579
693,0.5780549645423889,0.0001814045972423628
694,0.3710004985332489,0.9999966621398926
695,0.5745153427124023,0.9998956918716431
696,0.9722427725791931,6.307707134389773e-11
697,0.6901770830154419,0.9979047775268555
698,0.5294872522354126,0.9937869906425476
699,0.4302355945110321,0.9999560117721558
700,0.48628008365631104,0.07339539378881454
701,0.44156163930892944,0.9893397688865662
702,0.5132046937942505,0.9769225120544434
703,0.11327791213989258,0.00010416872100904584
704,0.8677903413772583,0.9674279093742371
705,0.34061887860298157,4.886175020146766e-09
706,0.5402003526687622,0.10476642102003098
707,0.3236352503299713,0.9949219226837158
708,0.12615925073623657,0.9999998807907104
709,0.47126707434654236,0.9999996423721313
710,0.31295445561408997,0.9999780654907227
711,0.15759576857089996,0.0014717451995238662
712,0.8405268788337708,1.0
713,0.48023101687431335,0.9193623065948486
714,0.5291259288787842,0.9957331418991089
715,0.5049501061439514,4.5332731133385096e-06
716,0.615602970123291,0.995907187461853
717,0.6720938086509705,0.989578902721405
718,0.694791316986084,0.9999982118606567
719,0.14571097493171692,0.9995357394218445
720,0.4575726091861725,0.7287979125976562
721,0.4020214378833771,0.999995231628418
722,0.6857697367668152,0.8631661534309387
723,0.653569221496582,0.0031647605355829
724,0.7987627387046814,0.993151068687439
725,0.6001399159431458,0.33997902274131775
726,0.40041425824165344,5.233089517275857e-09
727,0.8256855010986328,0.9999998807907104
728,0.7481130361557007,0.8061398863792419
729,0.618417501449585,0.9847217202186584
730,0.5788736939430237,0.9182605743408203
731,0.5438569188117981,0.00023479283845517784
732,0.8371956944465637,0.9995026588439941
733,0.5281184911727905,0.7670865058898926
734,0.09801267087459564,0.00020355696324259043
735,0.34162914752960205,0.9999961853027344
736,0.5067307353019714,0.4271690845489502
737,0.4779726266860962,0.005781000014394522
738,0.48702681064605713,0.9999836683273315
739,0.7294337153434753,0.9986703395843506
740,0.753921389579773,0.9808613657951355
741,0.7334633469581604,0.01215867605060339
742,0.5087573528289795,0.9999904632568359
743,0.3921385109424591,0.9999722242355347
744,0.5153492093086243,0.9738941192626953
745,0.667277455329895,0.005277477204799652
746,0.1041116788983345,0.19112880527973175
747,0.5878152847290039,0.9469923973083496
748,0.8415445685386658,0.00010807366925291717
749,0.7773538827896118,0.8815248608589172
750,0.5514476895332336,0.13768935203552246
751,0.5180641412734985,0.9990854263305664
752,0.45078933238983154,0.0035584557335823774
753,0.8130866289138794,0.9999998807907104
754,0.5238126516342163,0.040607113391160965
755,0.567538321018219,0.4032043516635895
756,0.42037349939346313,0.9956536293029785
757,0.5227649211883545,0.9953149557113647
758,0.6508981585502625,0.9994603991508484
759,0.6979631185531616,0.9998931884765625
760,0.44232606887817383,2.2027522845746716e-06
761,0.7838171720504761,0.9926406145095825
762,0.8258971571922302,0.9996806979179382
763,0.665073573589325,0.18369588255882263
764,0.15607471764087677,0.9851108193397522
765,0.6918388605117798,0.9299162030220032
766,0.4559406340122223,0.3278970718383789
767,0.4553455114364624,0.054963599890470505
768,0.815955638885498,6.788042696825869e-07
769,0.5540260076522827,0.9945278763771057
770,0.7539460062980652,0.5381271243095398
771,0.7739348411560059,0.9998970031738281
772,0.19729147851467133,0.9885773658752441
773,0.19450880587100983,0.9993761777877808
774,0.4839911460876465,2.052827085208264e-06
775,0.5381811261177063,0.7135141491889954
776,0.4924995005130768,0.0017421077936887741
777,0.6329226493835449,7.881691743705233e-08
778,0.8716188073158264,0.999998927116394
779,0.5442715883255005,4.0673348848940805e-06
780,0.6494842171669006,0.008815324865281582
781,0.44613590836524963,0.9310247898101807
782,0.6238974928855896,0.9859824776649475
783,0.6291936635971069,0.9992145299911499
784,0.48377254605293274,0.007606017403304577
785,0.5755890011787415,0.8981000185012817
786,0.7756071090698242,0.9999943971633911
787,0.6558160185813904,0.9531976580619812
788,0.514948844909668,0.3516111373901367
789,0.5153602957725525,1.8259537682752125e-05
790,0.5266713500022888,0.3748869299888611
791,0.6060826778411865,0.9987894296646118
792,0.5610376000404358,0.6694707870483398
793,0.11646714061498642,0.9988564252853394
794,0.5116568803787231,0.040883250534534454
795,0.45082375407218933,5.141529979546533e-10
796,0.8067009449005127,5.790145787961873e-14
797,0.5056273341178894,0.7523690462112427
798,0.6618825793266296,0.9896275997161865
799,0.3816484212875366,0.0018258143682032824
800,0.7979976534843445,0.997607946395874
801,0.9208552837371826,0.9999960660934448
802,0.80274498462677,0.9996781945228577
803,0.5537045001983643,0.993067741394043
804,0.2776166498661041,0.9977092742919922
805,0.9240524172782898,0.26517122983932495
806,0.2455599009990692,0.9982653260231018
807,0.7992846965789795,0.999113142490387
808,0.23811866343021393,1.0090931255035684e-06
809,0.5481910705566406,0.03429484739899635
810,0.06956133246421814,1.0
811,0.5391254425048828,0.0030040028505027294
812,0.3346561789512634,0.999998927116394
813,0.8121737837791443,0.23983775079250336
814,0.550820529460907,2.1230900529189967e-05
815,0.49609702825546265,0.03776669129729271
816,0.06853592395782471,0.0015379830729216337
817,0.6863564848899841,0.9680689573287964
818,0.10409191250801086,0.9976308345794678
819,0.1336195170879364,0.9999275207519531
820,0.33329781889915466,0.9999995231628418
821,0.5305639505386353,0.9986371397972107
822,0.2753753960132599,1.0
823,0.48107075691223145,0.00955800898373127
824,0.5131069421768188,0.04622972384095192
825,0.513427197933197,0.5054922103881836
826,0.8261643648147583,1.0
827,0.5004096031188965,0.8290603756904602
828,0.645563542842865,0.9887832999229431
829,0.7171053886413574,0.9989506006240845
830,0.21267268061637878,0.9999678134918213
831,0.7509163618087769,0.9922184944152832
832,0.5762979388237,0.9074965119361877
833,0.6183763742446899,1.0
834,0.2569511830806732,0.9961203932762146
835,0.4516233205795288,0.9999711513519287
836,0.5242348909378052,0.02063911035656929
837,0.7795979976654053,0.9714423418045044
838,0.5447980761528015,0.02901950664818287
839,0.5171687602996826,8.828716818243265e-05
840,0.4952034056186676,0.0029066670686006546
841,0.5299322009086609,0.9998821020126343
842,0.8218725323677063,0.9967073202133179
843,0.544479489326477,0.9622576236724854
844,0.3517925441265106,0.9791485667228699
845,0.7911097407341003,0.0005867443978786469
846,0.41668882966041565,0.9203329682350159
847,0.47197669744491577,0.7762024402618408
848,0.49381235241889954,0.00012086405331501737
849,0.7940909266471863,1.6769703847785422e-07
850,0.6109946370124817,0.7259276509284973
851,0.49403828382492065,1.3056007446721196e-05
852,0.35587605834007263,1.5113712364955845e-11
853,0.5257378816604614,0.3561957776546478
854,0.5046656131744385,0.11073572933673859
855,0.40872299671173096,1.771356437529903e-05
856,0.9434354305267334,9.185749383355812e-11
857,0.37923696637153625,0.9978711605072021
858,0.7190868854522705,0.03691015765070915
859,0.5053077936172485,0.6307763457298279
860,0.4911540150642395,5.396124834078364e-05
861,0.667641282081604,0.5225250124931335
862,0.04039826616644859,1.0
863,0.21108822524547577,0.9999983310699463
864,0.5522920489311218,0.9831954836845398
865,0.5039482116699219,0.9906675219535828
866,0.4837488830089569,0.9638544917106628
867,0.5672662258148193,0.921806275844574
868,0.918380856513977,0.9978151321411133
869,0.508175253868103,0.9777684211730957
870,0.5372151136398315,0.70809406042099
871,0.6839727759361267,0.8843527436256409
872,0.5318412780761719,0.9671333432197571
873,0.5088813304901123,0.0005047706654295325
874,0.8311560153961182,0.9993987083435059
875,0.5003475546836853,2.296668071721797e-06
876,0.5460752844810486,0.9920486807823181
877,0.5096449255943298,0.04960690066218376
878,0.3427772521972656,0.8949102759361267
879,0.5953773260116577,0.9953464865684509
880,0.7473573684692383,0.9997536540031433
881,0.7733458280563354,0.995160698890686
882,0.637526273727417,0.9978986978530884
883,0.7475646734237671,0.998429000377655
884,0.5428054928779602,0.963290810585022
885,0.5035555362701416,0.9924671649932861
886,0.7556695938110352,0.9383772015571594
887,0.5080629587173462,0.032804518938064575
888,0.4748433828353882,0.9898405075073242
889,0.6117904782295227,1.5560835890937597e-06
890,0.5522871017456055,0.9963667392730713
891,0.14265966415405273,0.9999978542327881
892,0.5145043134689331,0.9999986886978149
893,0.5192516446113586,0.010230123065412045
894,0.7753263711929321,0.42916321754455566
895,0.4104437232017517,1.1520372692875081e-17
896,0.775310218334198,0.9873559474945068
897,0.1137186735868454,0.9999755620956421
898,0.06580094248056412,1.0
899,0.5216764807701111,0.9998246431350708
900,0.1680430769920349,0.24164879322052002
901,0.7729304432868958,0.9999979734420776
902,0.8173820972442627,1.3424171640963323e-07
903,0.5133628845214844,0.6058714985847473
904,0.4380355179309845,7.015955871825241e-11
905,0.5554627180099487,0.033565182238817215
906,0.5136750936508179,0.9999916553497314
907,0.5380463004112244,0.9023658633232117
908,0.8406087160110474,0.024214286357164383
909,0.5183255672454834,0.9378907084465027
910,0.8484774231910706,0.0006214327877387404
911,0.4762008786201477,0.9990113973617554
912,0.5083217620849609,0.8702535629272461
913,0.6469656229019165,0.2779896557331085
914,0.5043960213661194,0.22507600486278534
915,0.4855971336364746,0.01056732703000307
916,0.5247547626495361,0.43428805470466614
917,0.5712981820106506,0.8657941222190857
918,0.4531208872795105,0.9851040244102478
919,0.4674500524997711,0.9683157205581665
920,0.5345282554626465,0.9957866072654724
921,0.0898662582039833,0.00028700288385152817
922,0.7943256497383118,0.7897613048553467
923,0.5485060214996338,0.15680845081806183
924,0.6767621636390686,0.995800793170929
925,0.8313393592834473,0.0024252627044916153
926,0.7683880925178528,0.9999974966049194
927,0.5933482646942139,0.9995039701461792
928,0.5174012184143066,0.5165830850601196
929,0.21213330328464508,1.3726737506658537e-06
930,0.49868300557136536,0.00010129613656317815
931,0.5328779816627502,0.0024726041592657566
932,0.49020805954933167,1.0
933,0.5003684759140015,0.08642818033695221
934,0.6909087896347046,0.9999985694885254
935,0.564289391040802,0.9996212720870972
936,0.7179163098335266,0.9680143594741821
937,0.535356342792511,0.0006388159818015993
938,0.30160215497016907,0.9263226389884949
939,0.7937893867492676,0.905691921710968
940,0.43207061290740967,0.9991496801376343
941,0.7654932141304016,0.9954594969749451
942,0.5875195860862732,0.5229902863502502
943,0.5057258009910583,0.9663708209991455
944,0.2336089164018631,0.9995573163032532
945,0.4711275100708008,1.93224025224481e-07
946,0.5296561121940613,0.9224852919578552
947,0.770969033241272,0.9999587535858154
948,0.4824606478214264,0.9001919031143188
949,0.4233320951461792,6.220165573722625e-07
950,0.5161889791488647,0.7844770550727844
951,0.6041396260261536,0.999800443649292
952,0.6434155106544495,0.004111535847187042
953,0.36793065071105957,0.9999996423721313
954,0.502601683139801,0.2741853594779968
955,0.552108883857727,0.1329815834760666
956,0.5149081945419312,0.3989202082157135
957,0.8336743712425232,0.8809139132499695
958,0.8623577952384949,0.9999206066131592
959,0.5434723496437073,0.6816489696502686
960,0.7738438248634338,0.020706098526716232
961,0.5668336749076843,0.7522290945053101
962,0.5128499269485474,0.3254753053188324
963,0.7958342432975769,0.9374445080757141
964,0.5645374655723572,0.9914701581001282
965,0.7861789464950562,0.9962324500083923
966,0.5140535831451416,0.999148964881897
967,0.5534079670906067,0.48892438411712646
968,0.5431408286094666,0.9883148670196533
969,0.7844847440719604,0.9998583793640137
970,0.30657264590263367,0.5546535849571228
971,0.2902061939239502,0.9992596507072449
972,0.5438036918640137,0.9999858140945435
973,0.06085144355893135,1.0
974,0.568295955657959,0.00112321344204247
975,0.30809757113456726,0.9999855756759644
976,0.5447651743888855,0.24440501630306244
977,0.7676656246185303,0.9961303472518921
978,0.49694883823394775,3.007405524613205e-08
979,0.736854076385498,0.8855704069137573
980,0.5850554704666138,0.9982227683067322
981,0.43260079622268677,6.549591944349231e-07
982,0.5520450472831726,0.9870339035987854
983,0.6248575448989868,0.0001541067467769608
984,0.720615804195404,0.9746325612068176
985,0.4245050847530365,0.0010434819851070642
986,0.8034133315086365,0.9999998807907104
987,0.07976603507995605,1.0
988,0.7038064002990723,0.0010161957470700145
989,0.17211507260799408,0.9997281432151794
990,0.005589742213487625,0.9998973608016968
991,0.11273805797100067,0.9996024370193481
992,0.6300016641616821,0.9976429343223572
993,0.7122007608413696,0.982842743396759
994,0.514008641242981,0.3187682032585144
995,0.7997146248817444,0.9983970522880554
996,0.5945191383361816,0.5475695729255676
997,0.690044641494751,0.0352628268301487
998,0.7325025796890259,0.4922170042991638
999,0.49994122982025146,0.0011095099616795778
1000,0.6169019937515259,0.005508652422577143
1001,0.7341579794883728,0.5002279281616211
1002,0.6052033305168152,0.9721295237541199
1003,0.5545388460159302,0.433415949344635
1004,0.16589727997779846,0.17301370203495026
1005,0.8167021870613098,0.9968061447143555
1006,0.5038482546806335,0.8951719403266907
1007,0.6017173528671265,0.0018867799080908298
1008,0.050372082740068436,0.9999997615814209
1009,0.5357334613800049,0.9805870056152344
1010,0.5588480830192566,0.4308282732963562
1011,0.5832231044769287,0.9991958737373352
1012,0.7842283248901367,2.6025369948001753e-07
1013,0.4764133095741272,0.9992802143096924
1014,0.777398407459259,0.9866448640823364
1015,0.45811161398887634,1.4100787666393444e-05
1016,0.634081244468689,0.8751465082168579
1017,0.7625393271446228,0.9955273270606995
1018,0.5744324326515198,0.9613984227180481
1019,0.73972088098526,0.9999810457229614
1020,0.20764823257923126,0.9999524354934692
1021,0.5520808100700378,0.9998846054077148
1022,0.3997632563114166,0.9998884201049805
1023,0.9370273351669312,0.07033956050872803
1024,0.3979431390762329,1.5348776694068533e-09
1025,0.46856915950775146,0.586783766746521
1026,0.48805856704711914,8.499966497765854e-06
1027,0.5232939124107361,0.9995771050453186
1028,0.3444758951663971,0.9996979832649231
1029,0.5426730513572693,0.006544520612806082
1030,0.24771784245967865,0.9999912977218628
1031,0.8359784483909607,0.31281331181526184
1032,0.5422228574752808,0.8907204866409302
1033,0.5632959008216858,0.9999850988388062
1034,0.7864407300949097,0.9845541715621948
1035,0.8422642350196838,2.0517447865131544e-06
1036,0.649067759513855,0.9145844578742981
1037,0.4427688717842102,0.00040380036807619035
1038,0.8728497624397278,4.454336988146679e-07
1039,0.4998416602611542,0.8573915362358093
1040,0.1465941071510315,0.999271810054779
1041,0.8044300675392151,0.9982483983039856
1042,0.6819260716438293,0.9999938011169434
1043,0.5206200480461121,0.830894947052002
1044,0.775282084941864,0.11957773566246033
1045,0.8375799059867859,0.9987896680831909
1046,0.7486565113067627,0.7916834354400635
1047,0.24913805723190308,0.24374958872795105
1048,0.8365722298622131,0.9972264170646667
1049,0.4725784659385681,0.37963059544563293
1050,0.6375688314437866,0.9995264410972595
1051,0.6886137127876282,0.9999796152114868
1052,0.575628936290741,0.9992091655731201
1053,0.5956090688705444,0.00975009985268116
1054,0.1333102136850357,0.9999995231628418
1055,0.6385480165481567,0.010231454856693745
1056,0.40445560216903687,0.01155764888972044
1057,0.8529142737388611,0.0006340586696751416
1058,0.44540590047836304,0.9982873797416687
1059,0.36273595690727234,1.0074506333335176e-12
1060,0.7405744791030884,0.705998957157135
1061,0.4947633743286133,3.760820982279256e-05
1062,0.6363948583602905,0.9312816262245178
1063,0.3762901723384857,0.9999979734420776
1064,0.01847533881664276,9.709409596325713e-07
1065,0.7791603803634644,0.03250226750969887
1066,0.817446768283844,0.9996262788772583
1067,0.6324315667152405,0.9569854140281677
1068,0.7832509875297546,0.9968994855880737
1069,0.6154387593269348,0.9962431788444519
1070,0.5040400624275208,0.0002796395856421441
1071,0.4900878369808197,0.995764970779419
1072,0.5648305416107178,0.9976959824562073
1073,0.7968300580978394,0.00015575080760754645
1074,0.5165784358978271,0.03315942361950874
1075,0.7089449763298035,0.9990037083625793
1076,0.1014997661113739,0.9993706941604614
1077,0.2855647802352905,0.41866904497146606
1078,0.6300184726715088,0.18607044219970703
1079,0.7023893594741821,0.9999799728393555
1080,0.8511303663253784,0.2682420015335083
1081,0.7446407079696655,0.04648297280073166
1082,0.5716891884803772,0.9999570846557617
1083,0.20993538200855255,0.9976807832717896
1084,0.09254990518093109,1.0
1085,0.5163808465003967,0.0015313924523070455
1086,0.8002519011497498,0.9999951124191284
1087,0.5290322303771973,0.13062305748462677
1088,0.6464232802391052,0.9994649291038513
1089,0.8544019460678101,0.5469364523887634
1090,0.7264583706855774,0.17824551463127136
1091,0.48970702290534973,0.713097333908081
1092,0.6266036033630371,0.9914645552635193
1093,0.14813335239887238,0.999996542930603
1094,0.5476329326629639,0.21976225078105927
1095,0.8002464771270752,0.999994158744812
1096,0.4380524456501007,0.9587083458900452
1097,0.78800368309021,4.262518140643774e-14
1098,0.7565394639968872,0.934596598148346
1099,0.4282037913799286,0.9115322828292847
1100,0.8039767146110535,0.9876409769058228
1101,0.6194571852684021,0.9922868013381958
1102,0.10393137484788895,0.9991074204444885
1103,0.5036032795906067,0.05068314075469971
1104,0.4901564419269562,0.5394961833953857
1105,0.4527573883533478,0.26155006885528564
1106,0.5086142420768738,0.12773825228214264
1107,0.7733098268508911,0.5878785252571106
1108,0.4892405569553375,0.044012852013111115
1109,0.39974284172058105,0.9999998807907104
1110,0.45042651891708374,0.9999490976333618
1111,0.758465588092804,0.1382046788930893
1112,0.6738502979278564,0.9522735476493835
1113,0.5631793141365051,0.8355635404586792
1114,0.4579322934150696,7.31957428001806e-09
1115,0.419803649187088,0.9996445178985596
1116,0.5320759415626526,0.8015688061714172
1117,0.9213965535163879,0.9998390674591064
1118,0.5471473932266235,0.015059847384691238
1119,0.40470123291015625,9.9427378462573e-19
1120,0.5410864353179932,0.0011226657079532743
1121,0.49792996048927307,0.2748188078403473
1122,0.7114936709403992,0.9616250395774841
1123,0.5436789989471436,0.81950843334198
1124,0.6409440636634827,0.9740773439407349
1125,0.8509436845779419,0.9999997615814209
1126,0.5341925024986267,0.9915088415145874
1127,0.7665808200836182,0.014878255315124989
1128,0.5463306903839111,0.2683201730251312
1129,0.25819286704063416,1.0
1130,0.36338430643081665,4.0199996109713254e-10
1131,0.7439671158790588,0.9991948008537292
1132,0.537879228591919,0.9565929174423218
1133,0.8278129696846008,8.88711292645894e-06
1134,0.34159818291664124,0.9999016523361206
1135,0.5341063737869263,0.8665323853492737
1136,0.3619779050350189,0.7376880645751953
1137,0.4996602535247803,0.9970409274101257
1138,0.8063381314277649,0.0001149256931967102
1139,0.4673697352409363,0.8262353539466858
1140,0.533008873462677,3.053494219784625e-05
1141,0.48868823051452637,0.9367473125457764
1142,0.371095210313797,0.9990872144699097
1143,0.5194100737571716,0.9928374886512756
1144,0.2608935832977295,0.4852946996688843
1145,0.5020305514335632,0.9984450936317444
1146,0.19906426966190338,0.1083129346370697
1147,0.5071282982826233,0.758389949798584
1148,0.7254860997200012,0.43179959058761597
1149,0.6555639505386353,0.9999402761459351
1150,0.5449230074882507,0.8339011073112488
1151,0.40630292892456055,0.999598503112793
1152,0.7961260080337524,1.0701392029466295e-12
1153,0.5463443994522095,0.980434775352478
1154,0.7932778596878052,0.5183279514312744
1155,0.30360767245292664,0.9459751844406128
1156,0.16891981661319733,0.4242210388183594
1157,0.6604835987091064,0.31500884890556335
1158,0.5739667415618896,0.0431094728410244
1159,0.6226150393486023,0.9706775546073914
1160,0.6968694925308228,0.9821285009384155
1161,0.8293524384498596,0.9999622106552124
1162,0.5695610642433167,0.9961561560630798
1163,0.9621317982673645,4.333791887931029e-21
1164,0.5047877430915833,0.4143705666065216
1165,0.5875583291053772,0.9999997615814209
1166,0.6558274030685425,0.9916715621948242
1167,0.5505800843238831,0.46510449051856995
1168,0.6392624378204346,0.005132637917995453
1169,0.4617236852645874,0.9810522794723511
1170,0.6133872270584106,0.9987216591835022
1171,0.5090945959091187,0.09294915944337845
1172,0.5820627212524414,0.01997087337076664
1173,0.39159902930259705,0.9998656511306763
1174,0.6942467093467712,0.9356908798217773
1175,0.44562432169914246,0.9570460319519043
1176,0.06340108811855316,0.9993230700492859
1177,0.5189473032951355,1.887240808073898e-09
1178,0.5724521279335022,0.004061919637024403
1179,0.19429920613765717,0.9520964026451111
1180,0.5259386897087097,1.3080221350492138e-08
1181,0.5185258984565735,0.7936276197433472
1182,0.550710141658783,0.01012512482702732
1183,0.5581450462341309,0.9748139977455139
1184,0.1306919902563095,1.9582630628178777e-08
1185,0.8343203663825989,0.9992976188659668
1186,0.1927676796913147,0.9999986886978149
1187,0.3679948151111603,0.44615063071250916
1188,0.5631389617919922,0.6523180603981018
1189,0.5246447324752808,0.4356778562068939
1190,0.5545434355735779,0.9222903251647949
1191,0.4604869484901428,0.7163793444633484
1192,0.5275084972381592,0.29342859983444214
1193,0.6644745469093323,0.6196234226226807
1194,0.5467748045921326,0.1618203967809677
1195,0.6583990454673767,0.9994866847991943
1196,0.1385883092880249,0.9999996423721313
1197,0.30672144889831543,3.817109700321453e-06
1198,0.5215241312980652,0.26473888754844666
1199,0.49613577127456665,3.4288161714357557e-06
1200,0.655626118183136,0.9999998807907104
1201,0.6983175277709961,0.061080556362867355
1202,0.6417946219444275,0.9998692274093628
1203,0.1570853590965271,0.9999047517776489
1204,0.3206731677055359,0.9997301697731018
1205,0.7652882933616638,0.9976819753646851
1206,0.6853073835372925,0.16739565134048462
1207,0.42528071999549866,0.3837417960166931
1208,0.20290705561637878,0.06044457107782364
1209,0.4449158012866974,0.011565853841602802
1210,0.6087814569473267,0.1000322476029396
1211,0.7248404026031494,0.9995731711387634
1212,0.8223916292190552,0.8325314521789551
1213,0.5297940969467163,0.6572303175926208
1214,0.8133187294006348,0.999998927116394
1215,0.5460691452026367,0.9681465029716492
1216,0.8667484521865845,9.655404028308112e-06
1217,0.5684157609939575,0.9965429902076721
1218,0.2824096381664276,1.0
1219,0.7528878450393677,0.9999997615814209
1220,0.521754801273346,0.00018770915630739182
1221,0.8616593480110168,2.669356513607113e-09
1222,0.425114244222641,1.384540382787236e-06
1223,0.7628345489501953,0.036652036011219025
1224,0.6960201859474182,0.8714069724082947
1225,0.9149670600891113,0.9999943971633911
1226,0.3292273283004761,0.9902083277702332
1227,0.4995224177837372,0.00636060768738389
1228,0.5302040576934814,0.32630497217178345
1229,0.7253034114837646,0.0012318697990849614
1230,0.002747237915173173,2.0797710291285557e-15
1231,0.6138446927070618,0.7118930816650391
1232,0.5124061107635498,0.005856786388903856
1233,0.40572839975357056,0.0004394753777887672
1234,0.553006112575531,0.9998966455459595
1235,0.4562211334705353,0.9977046847343445
1236,0.7490397691726685,0.0012815491063520312
1237,0.5528849363327026,0.7102904915809631
1238,0.9436526894569397,0.00015252162120305002
1239,0.756926417350769,0.9875470399856567
1240,0.5189765095710754,1.3083258920687513e-09
1241,0.5602020621299744,0.9382835626602173
1242,0.49184250831604004,0.7679961323738098
1243,0.08315473049879074,6.889180895086611e-06
1244,0.5311772227287292,0.056489333510398865
1245,0.8873412609100342,0.9062576293945312
1246,0.6412178874015808,0.8757794499397278
1247,0.5565007328987122,4.152365704612748e-07
1248,0.8744927048683167,7.404516509268433e-05
1249,0.46455374360084534,0.10542205721139908
1250,0.6589016914367676,5.889426392968744e-05
1251,0.04657242074608803,0.9998413324356079
1252,0.7583339214324951,0.9987021684646606
1253,0.45357173681259155,0.9945334196090698
1254,0.8591102957725525,1.0
1255,0.8637282252311707,0.001885322155430913
1256,0.19828300178050995,3.2492007449036464e-06
1257,0.6241320371627808,0.9316885471343994
1258,0.08573243021965027,0.9999961853027344
1259,0.7192608118057251,4.1840294215944596e-06
1260,0.527398407459259,0.0007233138894662261
1261,0.8074125647544861,0.9980033040046692
1262,0.5952019691467285,0.9993612170219421
1263,0.5355863571166992,0.6713942289352417
1264,0.5335242748260498,0.29110729694366455
1265,0.6573452949523926,0.12027842551469803
1266,0.5017472505569458,0.20979131758213043
1267,0.7620015740394592,0.9985194802284241
1268,0.4108058214187622,0.996009111404419
1269,0.628520131111145,0.967559278011322
1270,0.3711579144001007,0.9999977350234985
1271,0.7652495503425598,0.7510327696800232
1272,0.5696289539337158,0.9986110925674438
1273,0.29385799169540405,0.999921441078186
1274,0.20455752313137054,0.9999328851699829
1275,0.5320390462875366,0.9944164752960205
1276,0.7629514336585999,0.9791962504386902
1277,0.1357596516609192,0.9784538745880127
1278,0.15291056036949158,0.9992164373397827
1279,0.09932097047567368,0.9999347925186157
1280,0.17432667315006256,0.9969015717506409
1281,0.52206951379776,0.3991696834564209
1282,0.5877516865730286,0.9743623733520508
1283,0.5599953532218933,0.03803885355591774
1284,0.8197605609893799,0.9527426362037659
1285,0.5429661870002747,0.9676747918128967
1286,0.13005803525447845,0.9889246821403503
1287,0.8395123481750488,2.7741771191358566e-06
1288,0.47407880425453186,0.07800339162349701
1289,0.6055274605751038,1.0
1290,0.9153764843940735,0.9981652498245239
1291,0.6503428220748901,0.029721254482865334
1292,0.730996310710907,0.000224899806198664
1293,0.5440236330032349,0.9902558922767639
1294,0.5988172292709351,0.006608590018004179
1295,0.38439589738845825,0.9998265504837036
1296,0.7841355800628662,0.998474657535553
1297,0.4787544906139374,0.9999986886978149
1298,0.7541031241416931,0.9205964803695679
1299,0.5302309989929199,4.160831849731039e-06
1300,0.5719667077064514,0.9896606206893921
1301,0.2152458280324936,0.9980111122131348
1302,0.41944336891174316,0.9957808256149292
1303,0.573637843132019,0.9885461330413818
1304,0.5663984417915344,0.9827268123626709
1305,0.550853967666626,0.9988101720809937
1306,0.5507060289382935,0.0002082352148136124
1307,0.7476810216903687,0.9993144273757935
1308,0.5244057178497314,0.28869134187698364
1309,0.3508271276950836,0.8501890301704407
1310,0.5018989443778992,0.059208158403635025
1311,0.7145018577575684,0.9999247789382935
1312,0.6342374682426453,0.9995496869087219
1313,0.5128999352455139,9.49304649111582e-06
1314,0.5168451070785522,0.9999643564224243
1315,0.8090704083442688,0.9328802227973938
1316,0.7037309408187866,0.9996514320373535
1317,0.6909971833229065,0.8132821917533875
1318,0.6364325284957886,3.93396426545678e-08
1319,0.5521097779273987,0.9977765679359436
1320,0.5151411890983582,0.6569729447364807
1321,0.22313958406448364,0.9999368190765381
1322,0.5442996621131897,0.9999986886978149
1323,0.5203632116317749,0.9999984502792358
1324,0.6929436326026917,0.9692147374153137
1325,0.25767090916633606,0.81341552734375
1326,0.5727396011352539,0.9967166781425476
1327,0.4944359362125397,8.293698920169845e-05
1328,0.05830787867307663,0.9999793767929077
1329,0.5443271398544312,0.9586383700370789
1330,0.6900483965873718,0.9999715089797974
1331,0.40515437722206116,0.8878831267356873
1332,0.8712329268455505,0.01767217367887497
1333,0.21256574988365173,0.9998679161071777
1334,0.5323330760002136,0.9996861815452576
1335,0.8295563459396362,0.963883101940155
1336,0.9619413018226624,0.9999997615814209
1337,0.5239667296409607,0.2734227180480957
1338,0.5440077781677246,8.038720125114196e-07
1339,0.5604138374328613,0.9611076712608337
1340,0.5436855554580688,0.9864957928657532
1341,0.5042364001274109,0.016280438750982285
1342,0.39687108993530273,0.9991870522499084
1343,0.35650649666786194,1.5586731905159468e-10
1344,0.533793032169342,0.9999997615814209
1345,0.6100368499755859,9.081454095394292e-07
1346,0.7933034300804138,0.9999997615814209
1347,0.1935448944568634,0.9999964237213135
1348,0.7365886569023132,0.9928621649742126
1349,0.7347930073738098,0.9999896287918091
1350,0.5003387331962585,0.9999217987060547
1351,0.4118715524673462,0.39407816529273987
1352,0.7808886766433716,0.95588219165802
1353,0.6091374158859253,3.0866020887778593e-16
1354,0.18914379179477692,1.0
1355,0.6205804347991943,0.9536740183830261
1356,0.7090917825698853,0.9305940270423889
1357,0.06688258051872253,1.6643977573949087e-07
1358,0.09395955502986908,0.9707630276679993
1359,0.4561396539211273,4.187661943433341e-06
1360,0.7175316214561462,0.739837646484375
1361,0.510704517364502,0.14305031299591064
1362,0.5430178642272949,0.12138764560222626
1363,0.5610274076461792,0.9887220859527588
1364,0.40124639868736267,1.0466999872691673e-16
1365,0.5556251406669617,0.9681742191314697
1366,0.5887383222579956,0.9994458556175232
1367,0.4696957468986511,0.7056481838226318
1368,0.7401103973388672,0.9128446578979492
1369,0.7361340522766113,0.9998916387557983
1370,0.041073042899370193,0.9999932050704956
1371,0.8113282918930054,3.576004382921383e-05
1372,0.12087585031986237,0.9778884649276733
1373,0.5020378828048706,6.95359676683438e-06
1374,0.49385538697242737,0.9863299131393433
1375,0.9806205630302429,0.9997629523277283
1376,0.5148561000823975,0.3553011119365692
1377,0.5331709384918213,0.0006318971863947809
1378,0.4316873550415039,0.5213886499404907
1379,0.726524829864502,0.015034125186502934
1380,0.31678611040115356,0.9999997615814209
1381,0.5712400674819946,0.783068060874939
1382,0.517137348651886,0.15992999076843262
1383,0.43115657567977905,0.5887916684150696
1384,0.5006870627403259,0.9573315382003784
1385,0.5965945720672607,0.9750024676322937
1386,0.9043694138526917,0.9999998807907104
1387,0.2786960303783417,0.2619115710258484
1388,0.4345879554748535,0.9999105930328369
1389,0.7868543863296509,0.4767567813396454
1390,0.4668146073818207,1.654466785794284e-08
1391,0.7597590684890747,0.9901188015937805
1392,0.7961462736129761,0.9494056701660156
1393,0.8766974806785583,0.9996901154518127
1394,0.6045253872871399,0.05162184685468674
1395,0.520867109298706,0.34077081084251404
1396,0.6036818027496338,0.9985180497169495
1397,0.2965467572212219,0.9986996650695801
1398,0.36613306403160095,0.00034869369119405746
1399,0.7928262948989868,0.33297884464263916
1400,0.7496159672737122,0.9764063954353333
1401,0.529891312122345,0.04187752306461334
1402,0.6189342141151428,0.7569115161895752
1403,0.49387410283088684,0.11839334666728973
1404,0.18290267884731293,0.9861440658569336
1405,0.5645909309387207,0.6633163690567017
1406,0.5157605409622192,0.09870844334363937
1407,0.8193947672843933,0.7943099737167358
1408,0.39864474534988403,2.0313799377970392e-19
1409,0.5217849612236023,0.8116102814674377
1410,0.7400424480438232,9.436508649138253e-13
1411,0.6158074736595154,0.04757305979728699
1412,0.564229428768158,0.004085374064743519
1413,0.6795610189437866,0.9774052500724792
1414,0.5376689434051514,0.9819639921188354
1415,0.5155355334281921,0.6814314126968384
1416,0.5143868327140808,0.4823073744773865
1417,0.4732039272785187,0.9263755083084106
1418,0.5424708127975464,6.351685044592159e-08
1419,0.5761248469352722,1.0
1420,0.5042396187782288,1.3980501307742088e-06
1421,0.33141472935676575,0.9999969005584717
1422,0.22151586413383484,0.019161555916070938
1423,0.5698121190071106,0.1138228103518486
1424,0.023311952129006386,1.0
1425,0.5055243968963623,0.8494908213615417
1426,0.11871293187141418,0.9999995231628418
1427,0.5887909531593323,0.8236055374145508
1428,0.17091628909111023,0.9756828546524048
1429,0.5320319533348083,0.9427033066749573
1430,0.509003221988678,0.006906840018928051
1431,0.5169317126274109,0.0006276518106460571
1432,0.8793144822120667,1.0
1433,0.48408207297325134,0.003444027854129672
1434,0.3428809344768524,0.9999994039535522
1435,0.5849977731704712,0.9999028444290161
1436,0.7493714690208435,0.9487227201461792
1437,0.5270572304725647,0.053914643824100494
1438,0.8345958590507507,0.9978079199790955
1439,0.8327054381370544,0.5739032626152039
1440,0.5240470170974731,1.9061575585510582e-05
1441,0.602672278881073,0.9742176532745361
1442,0.5780659317970276,1.0
1443,0.29645463824272156,0.9597152471542358
1444,0.5924317240715027,0.0539199635386467
1445,0.5304340720176697,0.7781628370285034
1446,0.7209963798522949,0.9998953342437744
1447,0.04591607674956322,0.999964714050293
1448,0.6421589255332947,0.9705623388290405
1449,0.41629165410995483,0.399006187915802
1450,0.5342956185340881,0.9829959273338318
1451,0.5250914096832275,3.8809940861028736e-07
1452,0.654524564743042,1.4190778756528744e-06
1453,0.7389551997184753,0.9980498552322388
1454,0.761434018611908,0.9723857045173645
1455,0.5747627019882202,3.208488124073483e-05
1456,0.56377112865448,0.9960676431655884
1457,0.9430624842643738,1.1305636689940002e-05
1458,0.5326608419418335,0.6318801045417786
1459,0.4267098903656006,0.9685449004173279
1460,0.8304495215415955,3.4444067296135472e-06
1461,0.3289216160774231,0.9999377727508545
1462,0.02129088155925274,0.9999998807907104
1463,0.5183711647987366,0.0024071033112704754
1464,0.5168607831001282,0.9999209642410278
1465,0.9865656495094299,2.2171366305390183e-12
1466,0.5244997143745422,0.9970073103904724
1467,0.4903745651245117,0.9997449517250061
1468,0.1976577639579773,0.011726394295692444
1469,0.37589532136917114,0.9994155764579773
1470,0.5294905304908752,1.7544790864576498e-07
1471,0.4461818039417267,0.9243538975715637
1472,0.12406861037015915,0.9999830722808838
1473,0.09784532338380814,0.9999979734420776
1474,0.0918712168931961,0.9999971389770508
1475,0.8952916860580444,1.0522485354158562e-05
1476,0.5623019933700562,0.00024519453290849924
1477,0.4281739890575409,0.5749743580818176
1478,0.4223580062389374,0.9984003901481628
1479,0.4792678654193878,0.16858357191085815
1480,0.030683185905218124,0.019297828897833824
1481,0.7328249216079712,0.7054165005683899
1482,0.40734362602233887,0.9999998807907104
1483,0.4033505916595459,9.197423298928646e-19
1484,0.7244105339050293,0.9998694658279419
1485,0.5858222842216492,0.27213025093078613
1486,0.13310539722442627,0.9999985694885254
1487,0.42726099491119385,0.95347660779953
1488,0.6658377051353455,0.000645162130240351
1489,0.525383472442627,0.08765202015638351
1490,0.5329022407531738,0.8543034195899963
1491,0.5005032420158386,0.6116223335266113
1492,0.4816814661026001,0.05365372449159622
1493,0.45210644602775574,0.8683904409408569
1494,0.4872528910636902,0.9333792924880981
1495,0.7398036122322083,0.9999980926513672
1496,0.5031978487968445,0.8166157007217407
1497,0.7701722979545593,0.9928065538406372
1498,0.6509581804275513,0.9852103590965271
1499,0.735668957233429,0.9999041557312012
1500,0.6793001890182495,0.9903722405433655
1501,0.5341566801071167,0.26294219493865967
1502,0.5426389575004578,0.9870259165763855
1503,0.48572421073913574,0.05274475738406181
1504,0.44080251455307007,0.04920188710093498
1505,0.11656688153743744,0.9984558820724487
1506,0.7678046226501465,0.17830413579940796
1507,0.1664038747549057,0.9973675012588501
1508,0.6543052196502686,4.836044809053419e-06
1509,0.5841506719589233,4.433329377206974e-05
1510,0.5279632210731506,0.5111178159713745
1511,0.5066454410552979,0.7421401739120483
1512,0.5061872005462646,0.7235474586486816
1513,0.5041301846504211,0.00734977051615715
1514,0.5841386318206787,0.08121505379676819
1515,0.3863969147205353,0.0031975447200238705
1516,0.4641569256782532,0.9989117383956909
1517,0.460659921169281,0.993699312210083
1518,0.5297333002090454,0.0019385628402233124
1519,0.8066558837890625,0.9756479263305664
1520,0.7818570137023926,0.9953179955482483
1521,0.7808611392974854,0.998801589012146
1522,0.8425461649894714,1.0
1523,0.48199519515037537,0.0002986532635986805
1524,0.1769041121006012,0.9954450726509094
1525,0.6276258230209351,0.9984242916107178
1526,0.4906795918941498,0.5396705269813538
1527,0.48493537306785583,0.38980787992477417
1528,0.5300122499465942,0.9639621376991272
1529,0.4814925789833069,1.2686713013465578e-08
1530,0.5574610233306885,0.0010984139516949654
1531,0.5607266426086426,0.9995538592338562
1532,0.8073808550834656,0.9999997615814209
1533,0.5151687860488892,0.9842180013656616
1534,0.5202728509902954,0.003631609957665205
1535,0.506552517414093,0.2000974416732788
1536,0.39610666036605835,1.4277793392025728e-09
1537,0.47117528319358826,3.5750699112213624e-07
1538,0.53632652759552,0.011490056291222572
1539,0.5381591320037842,0.3284691274166107
1540,0.3681698143482208,0.7049726843833923
1541,0.6144431829452515,0.9743297696113586
1542,0.48403269052505493,0.004351024515926838
1543,0.7317230701446533,0.9310668706893921
1544,0.6244844794273376,0.9978298544883728
1545,0.5322628617286682,0.9658722281455994
1546,0.38942044973373413,3.198272793270007e-07
1547,0.5279385447502136,0.8980339765548706
1548,0.516174852848053,0.36441075801849365
1549,0.11775998026132584,0.9999735355377197
1550,0.3443898558616638,0.9999996423721313
1551,0.4820857346057892,0.004580107983201742
1552,0.5693774819374084,0.8315216898918152
1553,0.36357995867729187,4.666739564229694e-11
1554,0.8267468810081482,5.266405267434493e-08
1555,0.5810937285423279,0.24476249516010284
1556,0.40663766860961914,1.0
1557,0.6193010210990906,0.7671994566917419
1558,0.5345357060432434,0.30983540415763855
1559,0.5550253391265869,0.9833986759185791
1560,0.4113488793373108,0.9999996423721313
1561,0.49375271797180176,0.2015428990125656
1562,0.3442972004413605,0.9968428611755371
1563,0.5239378809928894,0.9319431781768799
1564,0.5485224723815918,0.02569841966032982
1565,0.3986288607120514,0.9996682405471802
1566,0.4765552878379822,0.2719546854496002
1567,0.4782974123954773,0.49937134981155396
1568,0.4086064100265503,1.3104843674227595e-05
1569,0.4623376429080963,0.9732968211174011
1570,0.5556738972663879,0.0013574627228081226
1571,0.6877885460853577,0.21713969111442566
1572,0.4518834054470062,0.9949150085449219
1573,0.8099460005760193,0.9958817362785339
1574,0.6013253927230835,0.023126140236854553
1575,0.601226270198822,0.7669036388397217
1576,0.17466343939304352,0.9999549388885498
1577,0.49806463718414307,0.022944195196032524
1578,0.6286113262176514,0.47572073340415955
1579,0.4730583727359772,0.999997615814209
1580,0.5413363575935364,0.9891527891159058
1581,0.49932998418807983,0.052243951708078384
1582,0.60701584815979,0.6555052995681763
1583,0.6077277064323425,0.3218640983104706
1584,0.3957805633544922,0.009028611704707146
1585,0.5887529850006104,0.9911969900131226
1586,0.42149317264556885,0.12092658877372742
1587,0.4019315242767334,1.0924586757697025e-18
1588,0.9072404503822327,0.9080694913864136
1589,0.4161495566368103,0.9998466968536377
1590,0.5232185125350952,0.6795861721038818
1591,0.2844180464744568,0.9996873736381531
1592,0.4962960481643677,0.9614697694778442
1593,0.511218249797821,0.18955449759960175
1594,0.68562912940979,0.9902942180633545
1595,0.6666885614395142,0.9944885969161987
1596,0.5313087701797485,0.8881010413169861
1597,0.5306639671325684,0.08893124014139175
1598,0.8123852610588074,1.0
1599,0.7814788222312927,0.012407251633703709
1600,0.7989516854286194,0.9516327977180481
1601,0.8595057725906372,0.9999879598617554
1602,0.050498805940151215,0.9992640614509583
1603,0.1904933601617813,0.012433546595275402
1604,0.49547794461250305,0.00016519615019205958
1605,0.4253994822502136,0.9997610449790955
1606,0.5378367304801941,2.3115989122857172e-09
1607,0.6949602365493774,0.0011624298058450222
1608,0.5440780520439148,3.135584782272549e-13
1609,0.1389361470937729,0.999998927116394
1610,0.7851281762123108,0.2425565868616104
1611,0.5339853167533875,0.8397948145866394
1612,0.5099274516105652,0.03377120941877365
1613,0.8049143552780151,0.15831057727336884
1614,0.5257523059844971,0.9999890327453613
1615,0.5573468804359436,1.87377336260397e-05
1616,0.4905802309513092,0.9645365476608276
1617,0.524941086769104,0.4306280314922333
1618,0.47411707043647766,0.012656813487410545
1619,0.7455769777297974,0.9784120917320251
1620,0.7475718259811401,0.9996704459190369
1621,0.5193290710449219,0.12436335533857346
1622,0.5246627330780029,2.8323829610599205e-06
1623,0.24948102235794067,0.9924836754798889
1624,0.13726630806922913,0.9999988079071045
1625,0.8298237919807434,0.001541597186587751
1626,0.6505107283592224,0.908105194568634
1627,0.6310807466506958,4.7720361180836335e-05
1628,0.577777624130249,0.9999994039535522
1629,0.4299783706665039,0.09910933673381805
1630,0.9821481704711914,1.0
1631,0.8204808235168457,0.8821377754211426
1632,0.5573881268501282,0.9998480081558228
1633,0.7788350582122803,0.9557713270187378
1634,0.5212361812591553,0.9711568355560303
1635,0.11757786571979523,0.9996620416641235
1636,0.7865814566612244,0.8622278571128845
1637,0.7442874908447266,0.7593762874603271
1638,0.41232630610466003,0.00014779168122913688
1639,0.4398186504840851,6.919865427335026e-06
1640,0.8414198756217957,0.014153084717690945
1641,0.07566140592098236,1.0
1642,0.9264867305755615,1.0
1643,0.4788677990436554,5.532616796699585e-06
1644,0.6130029559135437,0.9340039491653442
1645,0.5209683179855347,0.9910193681716919
1646,0.20364372432231903,0.9992774128913879
1647,0.8139609694480896,0.14944584667682648
1648,0.3574501574039459,1.0
1649,0.5450004935264587,0.3046923577785492
1650,0.4153566360473633,0.1002793163061142
1651,0.6381518840789795,0.9999994039535522
1652,0.4172123074531555,1.511397749709431e-05
1653,0.4058888554573059,2.9961835679159776e-08
1654,0.5451011061668396,0.8869612812995911
1655,0.6831045746803284,0.9390628337860107
1656,0.1578502357006073,0.9999990463256836
1657,0.817798376083374,0.9966722726821899
1658,0.42113229632377625,0.9463175535202026
1659,0.10524608194828033,0.9134539365768433
1660,0.6402474641799927,0.9929335117340088
1661,0.8067208528518677,0.9925047159194946
1662,0.49900704622268677,0.11905638128519058
1663,0.5353975892066956,0.9999727010726929
1664,0.7884689569473267,0.02739698253571987
1665,0.7539681792259216,0.9326350092887878
1666,0.5260732173919678,0.0007051172433421016
1667,0.5484464168548584,0.9165731072425842
1668,0.09003289043903351,0.999995231628418
1669,0.811689019203186,0.9999997615814209
1670,0.8129673004150391,0.9874681234359741
1671,0.38024774193763733,0.01947852596640587
1672,0.5755338072776794,0.9995413422584534
1673,0.22252139449119568,0.9988252520561218
1674,0.42588695883750916,0.9994649291038513
1675,0.4920714795589447,0.00039587850915268064
1676,0.6260719895362854,2.492010753485374e-05
1677,0.2619057893753052,7.0826963849413e-08
1678,0.5883918404579163,3.853311682178173e-06
1679,0.7394461035728455,0.5120015144348145
1680,0.5194210410118103,0.9717012643814087
1681,0.530800461769104,0.8991051912307739
1682,0.7240943312644958,0.010264808312058449
1683,0.2105984091758728,0.999991774559021
1684,0.4529726803302765,0.6208500862121582
1685,0.5208775997161865,0.0001667247706791386
1686,0.7560551762580872,0.9221746325492859
1687,0.5432567000389099,0.9836779832839966
1688,0.7212786078453064,0.03237920626997948
1689,0.4843394458293915,0.9973374009132385
1690,0.5575742125511169,0.009098848327994347
1691,0.5296859741210938,1.091706144507043e-05
1692,0.1364801675081253,0.9989987015724182
1693,0.4583216607570648,0.9999880790710449
1694,0.5571574568748474,0.6232448816299438
1695,0.6251058578491211,0.9713034629821777
1696,0.5319725275039673,1.0165071451240237e-08
1697,0.44145986437797546,0.0007081651710905135
1698,0.5459259152412415,0.3703070282936096
1699,0.8910713195800781,0.00538615882396698
1700,0.5157337784767151,0.6634604334831238
1701,0.5391995310783386,0.9949851036071777
1702,0.2877473533153534,0.9423414468765259
1703,0.7979417443275452,0.45900627970695496
1704,0.7488999366760254,0.999431312084198
1705,0.3751709759235382,1.0
1706,0.5790634751319885,0.9983276724815369
1707,0.22388897836208344,0.5846762657165527
1708,0.7909330129623413,0.9993379712104797
1709,0.5310869216918945,0.5373938679695129
1710,0.2660771310329437,0.9995044469833374
1711,0.5057210922241211,0.999232292175293
1712,0.3865775763988495,0.9890535473823547
1713,0.32689592242240906,0.17110460996627808
1714,0.8133588433265686,0.9984986782073975
1715,0.737140417098999,0.9998517036437988
1716,0.5126956105232239,0.9554040431976318
1717,0.597854495048523,0.9927219748497009
1718,0.5025982856750488,9.98330651782453e-05
1719,0.48061543703079224,0.00036012011696584523
1720,0.5629531145095825,0.7772242426872253
1721,0.4349740147590637,0.8160291314125061
1722,0.7303879261016846,0.9999847412109375
1723,0.5217179656028748,0.5315629839897156
1724,0.1194397509098053,3.29236572724767e-05
1725,0.8610592484474182,0.9999803304672241
1726,0.49540016055107117,0.10262762755155563
1727,0.3944530785083771,0.024239761754870415
1728,0.5800334811210632,0.5976694822311401
1729,0.5356447696685791,0.053098130971193314
1730,0.7680358290672302,0.0611654669046402
1731,0.5665292739868164,0.9999574422836304
1732,0.4779217541217804,4.591213655658066e-05
1733,0.4288235306739807,0.999954104423523
1734,0.45205971598625183,0.9999892711639404
1735,0.5429818034172058,2.110822627798825e-08
1736,0.5082851052284241,0.0026463707908988
1737,0.5095531940460205,0.5009535551071167
1738,0.5285241603851318,0.9911092519760132
1739,0.5566774606704712,0.5294422507286072
1740,0.4688524007797241,0.6460551619529724
1741,0.8692362904548645,0.9999780654907227
1742,0.7288805842399597,0.0004975982592441142
1743,0.5149362683296204,0.20404407382011414
1744,0.6439530253410339,5.8301353078604734e-08
1745,0.5076168775558472,0.011345908977091312
1746,0.5920854806900024,0.9923157095909119
1747,0.39491263031959534,0.9786280393600464
1748,0.7365304827690125,0.9978310465812683
1749,0.48317354917526245,0.09124789386987686
1750,0.7532225251197815,0.9838778376579285
1751,0.6864914894104004,0.97440105676651
1752,0.6150398254394531,0.3799380362033844
1753,0.7324348092079163,0.9963641166687012
1754,0.5397302508354187,0.998100221157074
1755,0.9813553690910339,0.9999104738235474
1756,0.5127211809158325,0.0011019837111234665
1757,0.6223605871200562,0.21135161817073822
1758,0.43945518136024475,0.9999996423721313
1759,0.5255899429321289,0.771597683429718
1760,0.8627196550369263,1.0
1761,0.490715354681015,0.821980357170105
1762,0.5776680111885071,1.6361422012778348e-06
1763,0.4825246334075928,0.8383222818374634
1764,0.5310449600219727,8.345176771840102e-10
1765,0.4249604344367981,0.00022691956837661564
1766,0.27890267968177795,0.00013195362407714128
1767,0.6851773262023926,0.9667930603027344
1768,0.7228226065635681,0.9457011222839355
1769,0.8768921494483948,1.0
1770,0.5426231026649475,0.0035983247216790915
1771,0.796657145023346,1.9595912817749195e-05
1772,0.5094963908195496,0.00016212245100177824
1773,0.11260546743869781,1.5296740230041905e-07
1774,0.470686674118042,0.8633614182472229
1775,0.24404989182949066,0.9999794960021973
1776,0.7387580275535583,0.9915372133255005
1777,0.7706001400947571,0.9959455132484436
1778,0.5455915927886963,0.9811692833900452
1779,0.5241976380348206,0.29593178629875183
1780,0.6564935445785522,0.9998354911804199
1781,0.41501161456108093,0.00027300207875669
1782,0.4435746967792511,0.03157968446612358
1783,0.4884805381298065,0.9827638864517212
1784,0.2281665802001953,0.9874352216720581
1785,0.5133352279663086,0.8145482540130615
1786,0.46877673268318176,0.03633503243327141
1787,0.5168918371200562,0.5906485319137573
1788,0.02741105668246746,0.9999998807907104
1789,0.5566778779029846,0.906541109085083
1790,0.467405766248703,0.581477165222168
1791,0.6575477123260498,8.139488636516035e-05
1792,0.703154981136322,0.12292524427175522
1793,0.5780740976333618,0.7401630282402039
1794,0.5448945164680481,0.0006565467338077724
1795,0.8232225179672241,0.5555137395858765
1796,0.22377987205982208,0.9200514554977417
1797,0.662304162979126,0.9985295534133911
1798,0.556937038898468,2.9486147468560375e-05
1799,0.6385530829429626,1.1219317457289435e-06
1800,0.8081139922142029,0.9995481371879578
1801,0.0646628588438034,0.9999886751174927
1802,0.11206740140914917,0.0161279384046793
1803,0.7295575141906738,0.9970381855964661
1804,0.5568365454673767,0.9995694756507874
1805,0.6968196034431458,0.9491609930992126
1806,0.4008324146270752,0.9815835356712341
1807,0.5902382731437683,0.9939570426940918
1808,0.665428876876831,0.9845225811004639
1809,0.55108642578125,0.000829359982162714
1810,0.5132707357406616,0.29575061798095703
1811,0.48216941952705383,0.0003352366329636425
1812,0.559637725353241,0.15425139665603638
1813,0.4723649322986603,0.8454862833023071
1814,0.08171803504228592,0.006875154562294483
1815,0.5164118409156799,0.9996449947357178
1816,0.8197564482688904,0.9997153878211975
1817,0.846686065196991,5.042366683483124e-05
1818,0.47502902150154114,1.0
1819,0.5079455971717834,0.9999455213546753
1820,0.43208086490631104,0.9999840259552002
1821,0.49880290031433105,0.2709531784057617
1822,0.756463885307312,0.9999901056289673
1823,0.3047214448451996,0.9999880790710449
1824,0.48002782464027405,0.2999008297920227
1825,0.16072313487529755,0.9588074088096619
1826,0.459322452545166,2.7021103132796043e-09
1827,0.3710000216960907,0.00034827241324819624
1828,0.37085556983947754,6.4701451661652865e-12
1829,0.06037381291389465,0.023093873634934425
1830,0.3556482791900635,0.8608249425888062
1831,0.3980654180049896,0.9988172650337219
1832,0.4985373616218567,0.6623777747154236
1833,0.6418865323066711,0.9999251365661621
1834,0.5404520034790039,0.18287324905395508
1835,0.8546390533447266,0.013427508994936943
1836,0.5639472603797913,0.9999995231628418
1837,0.49785712361335754,4.258471744833514e-05
1838,0.5179821252822876,0.07287359982728958
1839,0.5085340142250061,0.9999146461486816
1840,0.45732739567756653,0.1371881067752838
1841,0.5529074668884277,0.0008738521137274802
1842,0.5393111705780029,0.055980291217565536
1843,0.4976225197315216,0.9955279231071472
1844,0.4281800091266632,0.0013621794059872627
1845,0.8340978622436523,0.9880293011665344
1846,0.5435483455657959,0.0028700721450150013
1847,0.69111567735672,0.9671832919120789
1848,0.49934935569763184,0.9965748190879822
1849,0.5137847661972046,0.0017277826555073261
1850,0.5194165706634521,0.140757218003273
1851,0.6304802298545837,0.9962105751037598
1852,0.2673710584640503,0.0009545707143843174
1853,0.8300097584724426,0.8685835003852844
1854,0.5635799765586853,0.0011828042333945632
1855,0.1815439909696579,0.9993301033973694
1856,0.11358590424060822,0.9999983310699463
1857,0.6758856177330017,0.9965039491653442
1858,0.5455107688903809,0.9657154679298401
1859,0.7819944024085999,0.7639157772064209
1860,0.9813321828842163,0.0069246492348611355
1861,0.6977151036262512,0.8615492582321167
1862,0.5762262940406799,0.005724273156374693
1863,0.5261946320533752,1.5484465620829724e-05
1864,0.5290327668190002,1.0
1865,0.6805245876312256,0.9996316432952881
1866,0.43724524974823,0.8265399932861328
1867,0.5966148972511292,0.9999644756317139
1868,0.5926662087440491,1.0
1869,0.4036921262741089,0.9983577132225037
1870,0.6482794880867004,4.144797276239842e-05
1871,0.7919003367424011,0.9965496063232422
1872,0.48009392619132996,0.9965896606445312
1873,0.47933703660964966,0.931023120880127
1874,0.49295467138290405,0.8316460847854614
1875,0.14387789368629456,0.9995008707046509
1876,0.5574334263801575,0.4292210340499878
1877,0.4249238967895508,0.004776899702847004
1878,0.8208479285240173,0.7888158559799194
1879,0.13342121243476868,0.0074719940312206745
1880,0.12579789757728577,0.9965284466743469
1881,0.6761078834533691,0.999992847442627
1882,0.4823911190032959,0.9990764856338501
1883,0.6395314335823059,0.9999749660491943
1884,0.5899847745895386,0.8937262296676636
1885,0.8212130069732666,0.9999935626983643
1886,0.47815871238708496,0.014927552081644535
1887,0.4231357276439667,0.9998074769973755
1888,0.5821607112884521,0.18286065757274628
1889,0.5565520524978638,1.1252113836235367e-05
1890,0.22041592001914978,0.9999912977218628
1891,0.25587090849876404,1.0
1892,0.5205873847007751,0.9949184060096741
1893,0.6306630373001099,0.9828374981880188
1894,0.3966958820819855,0.9999710321426392
1895,0.6754153966903687,0.9946732521057129
1896,0.6158868074417114,0.9217368364334106
1897,0.7531383037567139,0.7485966682434082
1898,0.7454959750175476,0.03375304117798805
1899,0.3410186767578125,2.4129866507682785e-11
1900,0.19419141113758087,0.000919788028113544
1901,0.4826667308807373,0.9999610185623169
1902,0.7831684350967407,0.1613592803478241
1903,0.9322033524513245,0.23973621428012848
1904,0.698963463306427,0.9987656474113464
1905,0.5304726958274841,0.018907060846686363
1906,0.7780131101608276,0.015562483109533787
1907,0.1504179984331131,0.7449907660484314
1908,0.514302134513855,0.9674115180969238
1909,0.5780183672904968,0.009564132429659367
1910,0.47867339849472046,3.420459688641131e-05
1911,0.6796337366104126,0.9999899864196777
1912,0.5743052363395691,0.9995762705802917
1913,0.42870473861694336,0.9999018907546997
1914,0.5501930117607117,7.054374873405322e-05
1915,0.53420490026474,0.030186083167791367
1916,0.5759425759315491,0.9991911053657532
1917,0.8680995106697083,0.9808782339096069
1918,0.5394207239151001,0.6541648507118225
1919,0.5068526864051819,0.027827188372612
1920,0.5100857615470886,0.7688721418380737
1921,0.6872251629829407,0.9991782307624817
1922,0.5700316429138184,0.9995799660682678
1923,0.11135734617710114,0.9999998807907104
1924,0.4999110698699951,0.02641931176185608
1925,0.5254110097885132,0.07634249329566956
1926,0.6315601468086243,7.215590624998214e-11
1927,0.46772632002830505,0.9856578707695007
1928,0.3300812542438507,1.0
1929,0.31217777729034424,0.9999781847000122
1930,0.5803406834602356,0.9999955892562866
1931,0.5813263058662415,0.9998281002044678
1932,0.6709543466567993,0.3664235770702362
1933,0.7524129748344421,0.9999970197677612
1934,0.5276811122894287,0.9814385175704956
1935,0.5955670475959778,0.08407542109489441
1936,0.5355719923973083,0.3353436291217804
1937,0.43942955136299133,0.9999978542327881
1938,0.7467647790908813,5.987286044728535e-08
1939,0.522668182849884,0.2028498351573944
1940,0.5885080099105835,0.569230854511261
1941,0.47295936942100525,0.9307942390441895
1942,0.7766020894050598,0.9999641180038452
1943,0.48837578296661377,0.47624388337135315
1944,0.5217518210411072,0.9939231276512146
1945,0.2733197510242462,0.9998420476913452
1946,0.48629656434059143,0.00022251922928262502
1947,0.5151795744895935,0.9710993766784668
1948,0.7817220687866211,0.9999982118606567
1949,0.35131704807281494,3.096200629215673e-09
1950,0.8036171197891235,0.9996863007545471
1951,0.5465993285179138,0.9999955892562866
1952,0.5415060520172119,0.7040035128593445
1953,0.7258308529853821,0.9518442153930664
1954,0.7549133896827698,0.9965018033981323
1955,0.4397660791873932,1.5385783626697958e-05
1956,0.5676745772361755,0.8070549964904785
1957,0.5081221461296082,0.0014680721797049046
1958,0.4822804629802704,2.654302761584404e-06
1959,0.8262077569961548,0.9999421834945679
1960,0.36741432547569275,7.0363498014258674e-12
1961,0.45704641938209534,0.9977095127105713
1962,0.027986804023385048,1.0
1963,0.789332389831543,0.988082230091095
1964,0.5669763684272766,0.0001654609659453854
1965,0.794853150844574,0.988308310508728
1966,0.4602474272251129,0.014606441371142864
1967,0.8198196887969971,0.8455764651298523
1968,0.8239189982414246,0.8867611885070801
1969,0.46708279848098755,0.99997878074646
1970,0.5548502802848816,0.9999912977218628
1971,0.5178711414337158,0.03926415741443634
1972,0.5407559871673584,0.0015179789625108242
1973,0.6571670174598694,0.0008248455706052482
1974,0.6143672466278076,0.4516623914241791
1975,0.009534671902656555,1.0839061870271394e-09
1976,0.5495582818984985,0.9981080293655396
1977,0.5358293056488037,0.2729910910129547
1978,0.49171796441078186,0.10069641470909119
1979,0.5636754035949707,0.999945878982544
1980,0.5081995129585266,0.7387309074401855
1981,0.8407065272331238,0.9999995231628418
1982,0.5777117609977722,0.9926436543464661
1983,0.897133469581604,0.999224066734314
1984,0.5319309234619141,0.9741694331169128
1985,0.7635216116905212,0.7340217232704163
1986,0.3826885521411896,0.8753053545951843
1987,0.49548450112342834,1.0687307394618983e-06
1988,0.5410476922988892,0.9994397759437561
1989,0.4824567139148712,0.011745243333280087
1990,0.6585841774940491,0.9989567995071411
1991,0.5192704796791077,0.7207040786743164
1992,0.7963421940803528,0.035667579621076584
1993,0.1510387361049652,0.9937048554420471
1994,0.7286437153816223,0.8165215253829956
1995,0.5425981283187866,0.10537923872470856
1996,0.4431340992450714,1.560665259603411e-05
1997,0.5513133406639099,0.05652507767081261
1998,0.6315314173698425,0.9999998807907104
1999,0.5863348245620728,0.9969987273216248
